{
  "app_user_creation'/acs-user-auth/api/v1/user/createUser'" : {
    "transaction" : "app_user_creation'/acs-user-auth/api/v1/user/createUser'",
    "sampleCount" : 200,
    "errorCount" : 0,
    "errorPct" : 0.0,
    "meanResTime" : 11146.730000000003,
    "medianResTime" : 10014.0,
    "minResTime" : 621.0,
    "maxResTime" : 24977.0,
    "pct1ResTime" : 21727.800000000003,
    "pct2ResTime" : 23392.749999999996,
    "pct3ResTime" : 24973.360000000004,
    "throughput" : 7.413722800904474,
    "receivedKBytesPerSec" : 5.139795010564555,
    "sentKBytesPerSec" : 15.282984116098898
  },
  "Debug Sampler" : {
    "transaction" : "Debug Sampler",
    "sampleCount" : 200,
    "errorCount" : 0,
    "errorPct" : 0.0,
    "meanResTime" : 0.2900000000000001,
    "medianResTime" : 0.0,
    "minResTime" : 0.0,
    "maxResTime" : 6.0,
    "pct1ResTime" : 1.0,
    "pct2ResTime" : 1.0,
    "pct3ResTime" : 5.9500000000000455,
    "throughput" : 7.407133069145588,
    "receivedKBytesPerSec" : 9.86754541498463,
    "sentKBytesPerSec" : 0.0
  },
  "app_login'/acs-user-auth/api/v1/user/userLogin'" : {
    "transaction" : "app_login'/acs-user-auth/api/v1/user/userLogin'",
    "sampleCount" : 200,
    "errorCount" : 0,
    "errorPct" : 0.0,
    "meanResTime" : 507.5199999999999,
    "medianResTime" : 510.5,
    "minResTime" : 403.0,
    "maxResTime" : 714.0,
    "pct1ResTime" : 568.9,
    "pct2ResTime" : 606.4499999999998,
    "pct3ResTime" : 713.2200000000007,
    "throughput" : 7.548878991469767,
    "receivedKBytesPerSec" : 46.846912862346194,
    "sentKBytesPerSec" : 2.4763861629048085
  },
  "Total" : {
    "transaction" : "Total",
    "sampleCount" : 1002,
    "errorCount" : 0,
    "errorPct" : 0.0,
    "meanResTime" : 3048.9481037924147,
    "medianResTime" : 512.0,
    "minResTime" : 0.0,
    "maxResTime" : 24977.0,
    "pct1ResTime" : 10070.800000000014,
    "pct2ResTime" : 17429.59999999997,
    "pct3ResTime" : 23400.45000000001,
    "throughput" : 31.815583920746807,
    "receivedKBytesPerSec" : 66.32265272750365,
    "sentKBytesPerSec" : 51.84451056153553
  },
  "web_user_login" : {
    "transaction" : "web_user_login",
    "sampleCount" : 2,
    "errorCount" : 0,
    "errorPct" : 0.0,
    "meanResTime" : 2407.0,
    "medianResTime" : 2407.0,
    "minResTime" : 2407.0,
    "maxResTime" : 2407.0,
    "pct1ResTime" : 2407.0,
    "pct2ResTime" : 2407.0,
    "pct3ResTime" : 2407.0,
    "throughput" : 0.8309098462816784,
    "receivedKBytesPerSec" : 80.98044116119651,
    "sentKBytesPerSec" : 0.26696224553385955
  },
  "container_creation'/acs-shipper-services/api/v1/container/createContainer'" : {
    "transaction" : "container_creation'/acs-shipper-services/api/v1/container/createContainer'",
    "sampleCount" : 200,
    "errorCount" : 0,
    "errorPct" : 0.0,
    "meanResTime" : 314.41000000000014,
    "medianResTime" : 310.5,
    "minResTime" : 283.0,
    "maxResTime" : 489.0,
    "pct1ResTime" : 330.9,
    "pct2ResTime" : 353.6499999999999,
    "pct3ResTime" : 488.3300000000006,
    "throughput" : 7.600805685402652,
    "receivedKBytesPerSec" : 5.758797932580854,
    "sentKBytesPerSec" : 14.643724109755635
  },
  "order_creation'/omni/api/v1/order/createOrder'" : {
    "transaction" : "order_creation'/omni/api/v1/order/createOrder'",
    "sampleCount" : 200,
    "errorCount" : 0,
    "errorPct" : 0.0,
    "meanResTime" : 3282.2100000000005,
    "medianResTime" : 3300.0,
    "minResTime" : 1554.0,
    "maxResTime" : 5095.0,
    "pct1ResTime" : 4128.7,
    "pct2ResTime" : 4390.899999999999,
    "pct3ResTime" : 5091.460000000003,
    "throughput" : 31.560675398453522,
    "receivedKBytesPerSec" : 15.158986902319711,
    "sentKBytesPerSec" : 121.33970135710905
  }
}