{
  "app_user_creation'/acs-user-auth/api/v1/user/createUser'" : {
    "transaction" : "app_user_creation'/acs-user-auth/api/v1/user/createUser'",
    "sampleCount" : 100,
    "errorCount" : 1,
    "errorPct" : 1.0,
    "meanResTime" : 11260.1,
    "medianResTime" : 10098.0,
    "minResTime" : 807.0,
    "maxResTime" : 26644.0,
    "pct1ResTime" : 22645.000000000004,
    "pct2ResTime" : 24684.699999999993,
    "pct3ResTime" : 26639.879999999997,
    "throughput" : 3.473548924936608,
    "receivedKBytesPerSec" : 2.4012942226197507,
    "sentKBytesPerSec" : 7.160531149049984
  },
  "Debug Sampler" : {
    "transaction" : "Debug Sampler",
    "sampleCount" : 100,
    "errorCount" : 0,
    "errorPct" : 0.0,
    "meanResTime" : 0.5099999999999999,
    "medianResTime" : 0.0,
    "minResTime" : 0.0,
    "maxResTime" : 10.0,
    "pct1ResTime" : 1.0,
    "pct2ResTime" : 1.0,
    "pct3ResTime" : 9.909999999999954,
    "throughput" : 3.571301024963394,
    "receivedKBytesPerSec" : 4.753004077979358,
    "sentKBytesPerSec" : 0.0
  },
  "app_login'/acs-user-auth/api/v1/user/userLogin'" : {
    "transaction" : "app_login'/acs-user-auth/api/v1/user/userLogin'",
    "sampleCount" : 100,
    "errorCount" : 1,
    "errorPct" : 1.0,
    "meanResTime" : 538.61,
    "medianResTime" : 535.0,
    "minResTime" : 277.0,
    "maxResTime" : 850.0,
    "pct1ResTime" : 613.9,
    "pct2ResTime" : 662.2499999999998,
    "pct3ResTime" : 849.2999999999996,
    "throughput" : 3.5047138401149547,
    "receivedKBytesPerSec" : 21.547692584025512,
    "sentKBytesPerSec" : 1.1491628114814425
  },
  "Total" : {
    "transaction" : "Total",
    "sampleCount" : 501,
    "errorCount" : 2,
    "errorPct" : 0.3992016,
    "meanResTime" : 3293.716566866263,
    "medianResTime" : 541.0,
    "minResTime" : 0.0,
    "maxResTime" : 26644.0,
    "pct1ResTime" : 10263.000000000005,
    "pct2ResTime" : 17713.199999999993,
    "pct3ResTime" : 24700.48000000001,
    "throughput" : 14.940506366862495,
    "receivedKBytesPerSec" : 30.963435272716428,
    "sentKBytesPerSec" : 24.345566540795634
  },
  "web_user_login" : {
    "transaction" : "web_user_login",
    "sampleCount" : 1,
    "errorCount" : 0,
    "errorPct" : 0.0,
    "meanResTime" : 2963.0,
    "medianResTime" : 2963.0,
    "minResTime" : 2963.0,
    "maxResTime" : 2963.0,
    "pct1ResTime" : 2963.0,
    "pct2ResTime" : 2963.0,
    "pct3ResTime" : 2963.0,
    "throughput" : 0.3374957813027337,
    "receivedKBytesPerSec" : 32.89232566233547,
    "sentKBytesPerSec" : 0.10843370317246034
  },
  "container_creation'/acs-shipper-services/api/v1/container/createContainer'" : {
    "transaction" : "container_creation'/acs-shipper-services/api/v1/container/createContainer'",
    "sampleCount" : 100,
    "errorCount" : 0,
    "errorPct" : 0.0,
    "meanResTime" : 335.9299999999999,
    "medianResTime" : 321.5,
    "minResTime" : 291.0,
    "maxResTime" : 1041.0,
    "pct1ResTime" : 364.30000000000007,
    "pct2ResTime" : 438.2499999999996,
    "pct3ResTime" : 1035.7499999999973,
    "throughput" : 3.530076249646992,
    "receivedKBytesPerSec" : 2.674584333521604,
    "sentKBytesPerSec" : 6.801050418314036
  },
  "order_creation'/omni/api/v1/order/createOrder'" : {
    "transaction" : "order_creation'/omni/api/v1/order/createOrder'",
    "sampleCount" : 100,
    "errorCount" : 0,
    "errorPct" : 0.0,
    "meanResTime" : 4336.739999999999,
    "medianResTime" : 4484.0,
    "minResTime" : 1342.0,
    "maxResTime" : 6724.0,
    "pct1ResTime" : 5933.200000000001,
    "pct2ResTime" : 6380.699999999998,
    "pct3ResTime" : 6723.66,
    "throughput" : 13.798813302056022,
    "receivedKBytesPerSec" : 6.627742514143784,
    "sentKBytesPerSec" : 53.05158600110391
  }
}