{
  "app_user_creation'/acs-user-auth/api/v1/user/createUser'" : {
    "transaction" : "app_user_creation'/acs-user-auth/api/v1/user/createUser'",
    "sampleCount" : 100,
    "errorCount" : 0,
    "errorPct" : 0.0,
    "meanResTime" : 10101.92,
    "medianResTime" : 9658.0,
    "minResTime" : 596.0,
    "maxResTime" : 21763.0,
    "pct1ResTime" : 18665.2,
    "pct2ResTime" : 20324.499999999993,
    "pct3ResTime" : 21758.82,
    "throughput" : 3.881535535457827,
    "receivedKBytesPerSec" : 2.6909958079416216,
    "sentKBytesPerSec" : 8.001573234871715
  },
  "Debug Sampler" : {
    "transaction" : "Debug Sampler",
    "sampleCount" : 100,
    "errorCount" : 0,
    "errorPct" : 0.0,
    "meanResTime" : 1.39,
    "medianResTime" : 0.0,
    "minResTime" : 0.0,
    "maxResTime" : 78.0,
    "pct1ResTime" : 1.0,
    "pct2ResTime" : 1.0,
    "pct3ResTime" : 77.34999999999967,
    "throughput" : 4.0,
    "receivedKBytesPerSec" : 5.32859375,
    "sentKBytesPerSec" : 0.0
  },
  "app_login'/acs-user-auth/api/v1/user/userLogin'" : {
    "transaction" : "app_login'/acs-user-auth/api/v1/user/userLogin'",
    "sampleCount" : 100,
    "errorCount" : 0,
    "errorPct" : 0.0,
    "meanResTime" : 520.0100000000001,
    "medianResTime" : 511.5,
    "minResTime" : 416.0,
    "maxResTime" : 999.0,
    "pct1ResTime" : 603.4000000000001,
    "pct2ResTime" : 632.2999999999998,
    "pct3ResTime" : 996.9199999999989,
    "throughput" : 3.924492759310859,
    "receivedKBytesPerSec" : 24.3546585568659,
    "sentKBytesPerSec" : 1.2874175856520544
  },
  "Total" : {
    "transaction" : "Total",
    "sampleCount" : 501,
    "errorCount" : 0,
    "errorPct" : 0.0,
    "meanResTime" : 2846.0499001996,
    "medianResTime" : 512.0,
    "minResTime" : 0.0,
    "maxResTime" : 21763.0,
    "pct1ResTime" : 9720.400000000001,
    "pct2ResTime" : 14442.499999999995,
    "pct3ResTime" : 20342.20000000001,
    "throughput" : 16.43646861979594,
    "receivedKBytesPerSec" : 34.26333976493553,
    "sentKBytesPerSec" : 26.783750789426197
  },
  "web_user_login" : {
    "transaction" : "web_user_login",
    "sampleCount" : 1,
    "errorCount" : 0,
    "errorPct" : 0.0,
    "meanResTime" : 2792.0,
    "medianResTime" : 2792.0,
    "minResTime" : 2792.0,
    "maxResTime" : 2792.0,
    "pct1ResTime" : 2792.0,
    "pct2ResTime" : 2792.0,
    "pct3ResTime" : 2792.0,
    "throughput" : 0.35816618911174786,
    "receivedKBytesPerSec" : 34.90686279996419,
    "sentKBytesPerSec" : 0.11507487911891118
  },
  "container_creation'/acs-shipper-services/api/v1/container/createContainer'" : {
    "transaction" : "container_creation'/acs-shipper-services/api/v1/container/createContainer'",
    "sampleCount" : 100,
    "errorCount" : 0,
    "errorPct" : 0.0,
    "meanResTime" : 322.7,
    "medianResTime" : 314.5,
    "minResTime" : 289.0,
    "maxResTime" : 451.0,
    "pct1ResTime" : 350.6,
    "pct2ResTime" : 379.5999999999999,
    "pct3ResTime" : 450.65999999999985,
    "throughput" : 4.110658938627862,
    "receivedKBytesPerSec" : 3.114466436469766,
    "sentKBytesPerSec" : 7.91960193406503
  },
  "order_creation'/omni/api/v1/order/createOrder'" : {
    "transaction" : "order_creation'/omni/api/v1/order/createOrder'",
    "sampleCount" : 100,
    "errorCount" : 0,
    "errorPct" : 0.0,
    "meanResTime" : 3284.769999999999,
    "medianResTime" : 3506.0,
    "minResTime" : 1352.0,
    "maxResTime" : 5728.0,
    "pct1ResTime" : 4731.0,
    "pct2ResTime" : 5047.399999999999,
    "pct3ResTime" : 5722.949999999997,
    "throughput" : 15.508684863523573,
    "receivedKBytesPerSec" : 7.449015198511166,
    "sentKBytesPerSec" : 59.6254410282258
  }
}